season,matchday,home_team,away_team,date,home_goals,away_goals
2024,1,Genoa CFC,FC Internazionale Milano,2024-08-17 16:30:00+00:00,2,2
2024,1,Parma Calcio 1913,ACF Fiorentina,2024-08-17 16:30:00+00:00,1,1
2024,1,Empoli FC,AC Monza,2024-08-17 18:45:00+00:00,0,0
2024,1,AC Milan,Torino FC,2024-08-17 18:45:00+00:00,2,2
2024,1,Bologna FC 1909,Udinese Calcio,2024-08-18 16:30:00+00:00,1,1
2024,1,Hellas Verona FC,SSC Napoli,2024-08-18 16:30:00+00:00,3,0
2024,1,Cagliari Calcio,AS Roma,2024-08-18 18:45:00+00:00,0,0
2024,1,SS Lazio,Venezia FC,2024-08-18 18:45:00+00:00,3,1
2024,1,US Lecce,Atalanta BC,2024-08-19 16:30:00+00:00,0,4
2024,1,Juventus FC,Como 1907,2024-08-19 18:45:00+00:00,3,0
2024,2,Parma Calcio 1913,AC Milan,2024-08-24 16:30:00+00:00,2,1
2024,2,Udinese Calcio,SS Lazio,2024-08-24 16:30:00+00:00,2,1
2024,2,FC Internazionale Milano,US Lecce,2024-08-24 18:45:00+00:00,2,0
2024,2,AC Monza,Genoa CFC,2024-08-24 18:45:00+00:00,0,1
2024,2,ACF Fiorentina,Venezia FC,2024-08-25 16:30:00+00:00,0,0
2024,2,Torino FC,Atalanta BC,2024-08-25 16:30:00+00:00,2,1
2024,2,SSC Napoli,Bologna FC 1909,2024-08-25 18:45:00+00:00,3,0
2024,2,AS Roma,Empoli FC,2024-08-25 18:45:00+00:00,1,2
2024,2,Cagliari Calcio,Como 1907,2024-08-26 16:30:00+00:00,1,1
2024,2,Hellas Verona FC,Juventus FC,2024-08-26 18:45:00+00:00,0,3
2024,3,Venezia FC,Torino FC,2024-08-30 16:30:00+00:00,0,1
2024,3,FC Internazionale Milano,Atalanta BC,2024-08-30 18:45:00+00:00,4,0
2024,3,Bologna FC 1909,Empoli FC,2024-08-31 16:30:00+00:00,1,1
2024,3,US Lecce,Cagliari Calcio,2024-08-31 16:30:00+00:00,1,0
2024,3,SS Lazio,AC Milan,2024-08-31 18:45:00+00:00,2,2
2024,3,SSC Napoli,Parma Calcio 1913,2024-08-31 18:45:00+00:00,2,1
2024,3,ACF Fiorentina,AC Monza,2024-09-01 16:30:00+00:00,2,2
2024,3,Genoa CFC,Hellas Verona FC,2024-09-01 16:30:00+00:00,0,2
2024,3,Juventus FC,AS Roma,2024-09-01 18:45:00+00:00,0,0
2024,3,Udinese Calcio,Como 1907,2024-09-01 18:45:00+00:00,1,0
2024,4,Como 1907,Bologna FC 1909,2024-09-14 13:00:00+00:00,2,2
2024,4,Empoli FC,Juventus FC,2024-09-14 16:00:00+00:00,0,0
2024,4,AC Milan,Venezia FC,2024-09-14 18:45:00+00:00,4,0
2024,4,Genoa CFC,AS Roma,2024-09-15 10:30:00+00:00,1,1
2024,4,Atalanta BC,ACF Fiorentina,2024-09-15 13:00:00+00:00,3,2
2024,4,Torino FC,US Lecce,2024-09-15 13:00:00+00:00,0,0
2024,4,Cagliari Calcio,SSC Napoli,2024-09-15 16:00:00+00:00,0,4
2024,4,AC Monza,FC Internazionale Milano,2024-09-15 18:45:00+00:00,1,1
2024,4,Parma Calcio 1913,Udinese Calcio,2024-09-16 16:30:00+00:00,2,3
2024,4,SS Lazio,Hellas Verona FC,2024-09-16 18:45:00+00:00,2,1
2024,5,Cagliari Calcio,Empoli FC,2024-09-20 16:30:00+00:00,0,2
2024,5,Hellas Verona FC,Torino FC,2024-09-20 18:45:00+00:00,2,3
2024,5,Venezia FC,Genoa CFC,2024-09-21 13:00:00+00:00,2,0
2024,5,Juventus FC,SSC Napoli,2024-09-21 16:00:00+00:00,0,0
2024,5,US Lecce,Parma Calcio 1913,2024-09-21 18:45:00+00:00,2,2
2024,5,ACF Fiorentina,SS Lazio,2024-09-22 10:30:00+00:00,2,1
2024,5,AC Monza,Bologna FC 1909,2024-09-22 13:00:00+00:00,1,2
2024,5,AS Roma,Udinese Calcio,2024-09-22 16:00:00+00:00,3,0
2024,5,FC Internazionale Milano,AC Milan,2024-09-22 18:45:00+00:00,1,2
2024,5,Atalanta BC,Como 1907,2024-09-24 18:45:00+00:00,2,3
2024,6,AC Milan,US Lecce,2024-09-27 18:45:00+00:00,3,0
2024,6,Udinese Calcio,FC Internazionale Milano,2024-09-28 13:00:00+00:00,2,3
2024,6,Genoa CFC,Juventus FC,2024-09-28 16:00:00+00:00,0,3
2024,6,Bologna FC 1909,Atalanta BC,2024-09-28 18:45:00+00:00,1,1
2024,6,Torino FC,SS Lazio,2024-09-29 10:30:00+00:00,2,3
2024,6,Como 1907,Hellas Verona FC,2024-09-29 13:00:00+00:00,3,2
2024,6,AS Roma,Venezia FC,2024-09-29 13:00:00+00:00,2,1
2024,6,Empoli FC,ACF Fiorentina,2024-09-29 16:00:00+00:00,0,0
2024,6,SSC Napoli,AC Monza,2024-09-29 18:45:00+00:00,2,0
2024,6,Parma Calcio 1913,Cagliari Calcio,2024-09-30 18:45:00+00:00,2,3
2024,7,SSC Napoli,Como 1907,2024-10-04 16:30:00+00:00,3,1
2024,7,Hellas Verona FC,Venezia FC,2024-10-04 18:45:00+00:00,2,1
2024,7,Udinese Calcio,US Lecce,2024-10-05 13:00:00+00:00,1,0
2024,7,Atalanta BC,Genoa CFC,2024-10-05 16:00:00+00:00,5,1
2024,7,FC Internazionale Milano,Torino FC,2024-10-05 18:45:00+00:00,3,2
2024,7,Juventus FC,Cagliari Calcio,2024-10-06 10:30:00+00:00,1,1
2024,7,Bologna FC 1909,Parma Calcio 1913,2024-10-06 13:00:00+00:00,0,0
2024,7,SS Lazio,Empoli FC,2024-10-06 13:00:00+00:00,2,1
2024,7,AC Monza,AS Roma,2024-10-06 16:00:00+00:00,1,1
2024,7,ACF Fiorentina,AC Milan,2024-10-06 18:45:00+00:00,2,1
2024,8,Como 1907,Parma Calcio 1913,2024-10-19 13:00:00+00:00,1,1
2024,8,Genoa CFC,Bologna FC 1909,2024-10-19 13:00:00+00:00,2,2
2024,8,AC Milan,Udinese Calcio,2024-10-19 16:00:00+00:00,1,0
2024,8,Juventus FC,SS Lazio,2024-10-19 18:45:00+00:00,1,0
2024,8,Empoli FC,SSC Napoli,2024-10-20 10:30:00+00:00,0,1
2024,8,US Lecce,ACF Fiorentina,2024-10-20 13:00:00+00:00,0,6
2024,8,Venezia FC,Atalanta BC,2024-10-20 13:00:00+00:00,0,2
2024,8,Cagliari Calcio,Torino FC,2024-10-20 16:00:00+00:00,3,2
2024,8,AS Roma,FC Internazionale Milano,2024-10-20 18:45:00+00:00,0,1
2024,8,Hellas Verona FC,AC Monza,2024-10-21 18:45:00+00:00,0,3
2024,9,Udinese Calcio,Cagliari Calcio,2024-10-25 16:30:00+00:00,2,0
2024,9,Torino FC,Como 1907,2024-10-25 18:45:00+00:00,1,0
2024,9,SSC Napoli,US Lecce,2024-10-26 13:00:00+00:00,1,0
2024,9,Atalanta BC,Hellas Verona FC,2024-10-26 18:45:00+00:00,6,1
2024,9,Parma Calcio 1913,Empoli FC,2024-10-27 11:30:00+00:00,1,1
2024,9,SS Lazio,Genoa CFC,2024-10-27 14:00:00+00:00,3,0
2024,9,AC Monza,Venezia FC,2024-10-27 14:00:00+00:00,2,2
2024,9,FC Internazionale Milano,Juventus FC,2024-10-27 17:00:00+00:00,4,4
2024,9,ACF Fiorentina,AS Roma,2024-10-27 19:45:00+00:00,5,1
2024,10,Cagliari Calcio,Bologna FC 1909,2024-10-29 17:30:00+00:00,0,2
2024,10,US Lecce,Hellas Verona FC,2024-10-29 17:30:00+00:00,1,0
2024,10,AC Milan,SSC Napoli,2024-10-29 19:45:00+00:00,0,2
2024,10,Empoli FC,FC Internazionale Milano,2024-10-30 17:30:00+00:00,0,3
2024,10,Venezia FC,Udinese Calcio,2024-10-30 17:30:00+00:00,3,2
2024,10,Atalanta BC,AC Monza,2024-10-30 19:45:00+00:00,2,0
2024,10,Juventus FC,Parma Calcio 1913,2024-10-30 19:45:00+00:00,2,2
2024,10,Genoa CFC,ACF Fiorentina,2024-10-31 17:30:00+00:00,0,1
2024,10,Como 1907,SS Lazio,2024-10-31 19:45:00+00:00,1,5
2024,10,AS Roma,Torino FC,2024-10-31 19:45:00+00:00,1,0
2024,11,Bologna FC 1909,US Lecce,2024-11-02 14:00:00+00:00,1,0
2024,11,Udinese Calcio,Juventus FC,2024-11-02 17:00:00+00:00,0,2
2024,11,AC Monza,AC Milan,2024-11-02 19:45:00+00:00,0,1
2024,11,SSC Napoli,Atalanta BC,2024-11-03 11:30:00+00:00,0,3
2024,11,Torino FC,ACF Fiorentina,2024-11-03 14:00:00+00:00,0,1
2024,11,Hellas Verona FC,AS Roma,2024-11-03 17:00:00+00:00,3,2
2024,11,FC Internazionale Milano,Venezia FC,2024-11-03 19:45:00+00:00,1,0
2024,11,Empoli FC,Como 1907,2024-11-04 17:30:00+00:00,1,0
2024,11,Parma Calcio 1913,Genoa CFC,2024-11-04 17:30:00+00:00,0,1
2024,11,SS Lazio,Cagliari Calcio,2024-11-04 19:45:00+00:00,2,1
2024,12,Genoa CFC,Como 1907,2024-11-07 19:45:00+00:00,1,1
2024,12,US Lecce,Empoli FC,2024-11-08 19:45:00+00:00,1,1
2024,12,Venezia FC,Parma Calcio 1913,2024-11-09 14:00:00+00:00,1,2
2024,12,Cagliari Calcio,AC Milan,2024-11-09 17:00:00+00:00,3,3
2024,12,Juventus FC,Torino FC,2024-11-09 19:45:00+00:00,2,0
2024,12,Atalanta BC,Udinese Calcio,2024-11-10 11:30:00+00:00,2,1
2024,12,ACF Fiorentina,Hellas Verona FC,2024-11-10 14:00:00+00:00,3,1
2024,12,AS Roma,Bologna FC 1909,2024-11-10 14:00:00+00:00,2,3
2024,12,AC Monza,SS Lazio,2024-11-10 17:00:00+00:00,0,1
2024,12,FC Internazionale Milano,SSC Napoli,2024-11-10 19:45:00+00:00,1,1
2024,13,Hellas Verona FC,FC Internazionale Milano,2024-11-23 14:00:00+00:00,0,5
2024,13,AC Milan,Juventus FC,2024-11-23 17:00:00+00:00,0,0
2024,13,Parma Calcio 1913,Atalanta BC,2024-11-23 19:45:00+00:00,1,3
2024,13,Genoa CFC,Cagliari Calcio,2024-11-24 11:30:00+00:00,2,2
2024,13,Como 1907,ACF Fiorentina,2024-11-24 14:00:00+00:00,0,2
2024,13,Torino FC,AC Monza,2024-11-24 14:00:00+00:00,1,1
2024,13,SSC Napoli,AS Roma,2024-11-24 17:00:00+00:00,1,0
2024,13,SS Lazio,Bologna FC 1909,2024-11-24 19:45:00+00:00,3,0
2024,13,Empoli FC,Udinese Calcio,2024-11-25 17:30:00+00:00,1,1
2024,13,Venezia FC,US Lecce,2024-11-25 19:45:00+00:00,0,1
2024,14,Cagliari Calcio,Hellas Verona FC,2024-11-29 19:45:00+00:00,1,0
2024,14,Como 1907,AC Monza,2024-11-30 14:00:00+00:00,1,1
2024,14,AC Milan,Empoli FC,2024-11-30 17:00:00+00:00,3,0
2024,14,Bologna FC 1909,Venezia FC,2024-11-30 19:45:00+00:00,3,0
2024,14,Udinese Calcio,Genoa CFC,2024-12-01 11:30:00+00:00,0,2
2024,14,Parma Calcio 1913,SS Lazio,2024-12-01 14:00:00+00:00,3,1
2024,14,Torino FC,SSC Napoli,2024-12-01 14:00:00+00:00,0,1
2024,14,US Lecce,Juventus FC,2024-12-01 19:45:00+00:00,1,1
2024,14,AS Roma,Atalanta BC,2024-12-02 19:45:00+00:00,0,2
2024,15,FC Internazionale Milano,Parma Calcio 1913,2024-12-06 17:30:00+00:00,3,1
2024,15,Atalanta BC,AC Milan,2024-12-06 19:45:00+00:00,2,1
2024,15,Genoa CFC,Torino FC,2024-12-07 14:00:00+00:00,0,0
2024,15,Juventus FC,Bologna FC 1909,2024-12-07 17:00:00+00:00,2,2
2024,15,AS Roma,US Lecce,2024-12-07 19:45:00+00:00,4,1
2024,15,ACF Fiorentina,Cagliari Calcio,2024-12-08 11:30:00+00:00,1,0
2024,15,Hellas Verona FC,Empoli FC,2024-12-08 14:00:00+00:00,1,4
2024,15,Venezia FC,Como 1907,2024-12-08 17:00:00+00:00,2,2
2024,15,SSC Napoli,SS Lazio,2024-12-08 19:45:00+00:00,0,1
2024,15,AC Monza,Udinese Calcio,2024-12-09 19:45:00+00:00,1,2
2024,16,Empoli FC,Torino FC,2024-12-13 19:45:00+00:00,0,1
2024,16,Cagliari Calcio,Atalanta BC,2024-12-14 14:00:00+00:00,0,1
2024,16,Udinese Calcio,SSC Napoli,2024-12-14 17:00:00+00:00,1,3
2024,16,Juventus FC,Venezia FC,2024-12-14 19:45:00+00:00,2,2
2024,16,US Lecce,AC Monza,2024-12-15 11:30:00+00:00,2,1
2024,16,Bologna FC 1909,ACF Fiorentina,2024-12-15 14:00:00+00:00,1,0
2024,16,Parma Calcio 1913,Hellas Verona FC,2024-12-15 14:00:00+00:00,2,3
2024,16,Como 1907,AS Roma,2024-12-15 17:00:00+00:00,2,0
2024,16,AC Milan,Genoa CFC,2024-12-15 19:45:00+00:00,0,0
2024,16,SS Lazio,FC Internazionale Milano,2024-12-16 19:45:00+00:00,0,6
2024,17,Hellas Verona FC,AC Milan,2024-12-20 19:45:00+00:00,0,1
2024,17,Torino FC,Bologna FC 1909,2024-12-21 14:00:00+00:00,0,2
2024,17,Genoa CFC,SSC Napoli,2024-12-21 17:00:00+00:00,1,2
2024,17,US Lecce,SS Lazio,2024-12-21 19:45:00+00:00,1,2
2024,17,AS Roma,Parma Calcio 1913,2024-12-22 11:30:00+00:00,5,0
2024,17,Venezia FC,Cagliari Calcio,2024-12-22 14:00:00+00:00,2,1
2024,17,Atalanta BC,Empoli FC,2024-12-22 17:00:00+00:00,3,2
2024,17,AC Monza,Juventus FC,2024-12-22 19:45:00+00:00,1,2
2024,17,ACF Fiorentina,Udinese Calcio,2024-12-23 17:30:00+00:00,1,2
2024,17,FC Internazionale Milano,Como 1907,2024-12-23 19:45:00+00:00,2,0
2024,18,Empoli FC,Genoa CFC,2024-12-28 14:00:00+00:00,1,2
2024,18,Parma Calcio 1913,AC Monza,2024-12-28 14:00:00+00:00,2,1
2024,18,Cagliari Calcio,FC Internazionale Milano,2024-12-28 17:00:00+00:00,0,3
2024,18,SS Lazio,Atalanta BC,2024-12-28 19:45:00+00:00,1,1
2024,18,Udinese Calcio,Torino FC,2024-12-29 11:30:00+00:00,2,2
2024,18,SSC Napoli,Venezia FC,2024-12-29 14:00:00+00:00,1,0
2024,18,Juventus FC,ACF Fiorentina,2024-12-29 17:00:00+00:00,2,2
2024,18,AC Milan,AS Roma,2024-12-29 19:45:00+00:00,1,1
2024,18,Como 1907,US Lecce,2024-12-30 17:30:00+00:00,2,0
2024,18,Bologna FC 1909,Hellas Verona FC,2024-12-30 19:45:00+00:00,2,3
2024,19,Venezia FC,Empoli FC,2025-01-04 14:00:00+00:00,1,1
2024,19,ACF Fiorentina,SSC Napoli,2025-01-04 17:00:00+00:00,0,3
2024,19,Hellas Verona FC,Udinese Calcio,2025-01-04 19:45:00+00:00,0,0
2024,19,AC Monza,Cagliari Calcio,2025-01-05 11:30:00+00:00,1,2
2024,19,US Lecce,Genoa CFC,2025-01-05 14:00:00+00:00,0,0
2024,19,Torino FC,Parma Calcio 1913,2025-01-05 17:00:00+00:00,0,0
2024,19,AS Roma,SS Lazio,2025-01-05 19:45:00+00:00,2,0
2024,20,SS Lazio,Como 1907,2025-01-10 19:45:00+00:00,1,1
2024,20,Empoli FC,US Lecce,2025-01-11 14:00:00+00:00,1,3
2024,20,Udinese Calcio,Atalanta BC,2025-01-11 14:00:00+00:00,0,0
2024,20,Torino FC,Juventus FC,2025-01-11 17:00:00+00:00,1,1
2024,20,AC Milan,Cagliari Calcio,2025-01-11 19:45:00+00:00,1,1
2024,20,Genoa CFC,Parma Calcio 1913,2025-01-12 11:30:00+00:00,1,0
2024,20,Venezia FC,FC Internazionale Milano,2025-01-12 14:00:00+00:00,0,1
2024,20,Bologna FC 1909,AS Roma,2025-01-12 17:00:00+00:00,2,2
2024,20,SSC Napoli,Hellas Verona FC,2025-01-12 19:45:00+00:00,2,0
2024,20,AC Monza,ACF Fiorentina,2025-01-13 19:45:00+00:00,2,1
2024,19,Como 1907,AC Milan,2025-01-14 17:30:00+00:00,1,2
2024,19,Atalanta BC,Juventus FC,2025-01-14 19:45:00+00:00,1,1
2024,19,FC Internazionale Milano,Bologna FC 1909,2025-01-15 19:45:00+00:00,2,2
2024,21,AS Roma,Genoa CFC,2025-01-17 19:45:00+00:00,3,1
2024,21,Bologna FC 1909,AC Monza,2025-01-18 14:00:00+00:00,3,1
2024,21,Juventus FC,AC Milan,2025-01-18 17:00:00+00:00,2,0
2024,21,Atalanta BC,SSC Napoli,2025-01-18 19:45:00+00:00,2,3
2024,21,ACF Fiorentina,Torino FC,2025-01-19 11:30:00+00:00,1,1
2024,21,Cagliari Calcio,US Lecce,2025-01-19 14:00:00+00:00,4,1
2024,21,Parma Calcio 1913,Venezia FC,2025-01-19 14:00:00+00:00,1,1
2024,21,Hellas Verona FC,SS Lazio,2025-01-19 17:00:00+00:00,0,3
2024,21,FC Internazionale Milano,Empoli FC,2025-01-19 19:45:00+00:00,3,1
2024,21,Como 1907,Udinese Calcio,2025-01-20 19:45:00+00:00,4,1
2024,22,Torino FC,Cagliari Calcio,2025-01-24 19:45:00+00:00,2,0
2024,22,Como 1907,Atalanta BC,2025-01-25 14:00:00+00:00,1,2
2024,22,SSC Napoli,Juventus FC,2025-01-25 17:00:00+00:00,2,1
2024,22,Empoli FC,Bologna FC 1909,2025-01-25 19:45:00+00:00,1,1
2024,22,AC Milan,Parma Calcio 1913,2025-01-26 11:30:00+00:00,3,2
2024,22,Udinese Calcio,AS Roma,2025-01-26 14:00:00+00:00,1,2
2024,22,US Lecce,FC Internazionale Milano,2025-01-26 17:00:00+00:00,0,4
2024,22,SS Lazio,ACF Fiorentina,2025-01-26 19:45:00+00:00,1,2
2024,22,Venezia FC,Hellas Verona FC,2025-01-27 17:30:00+00:00,1,1
2024,22,Genoa CFC,AC Monza,2025-01-27 19:45:00+00:00,2,0
2024,23,Parma Calcio 1913,US Lecce,2025-01-31 19:45:00+00:00,1,3
2024,23,AC Monza,Hellas Verona FC,2025-02-01 14:00:00+00:00,0,1
2024,23,Udinese Calcio,Venezia FC,2025-02-01 14:00:00+00:00,3,2
2024,23,Atalanta BC,Torino FC,2025-02-01 17:00:00+00:00,1,1
2024,23,Bologna FC 1909,Como 1907,2025-02-01 19:45:00+00:00,2,0
2024,23,Juventus FC,Empoli FC,2025-02-02 11:30:00+00:00,4,1
2024,23,ACF Fiorentina,Genoa CFC,2025-02-02 14:00:00+00:00,2,1
2024,23,AC Milan,FC Internazionale Milano,2025-02-02 17:00:00+00:00,1,1
2024,23,AS Roma,SSC Napoli,2025-02-02 19:45:00+00:00,1,1
2024,23,Cagliari Calcio,SS Lazio,2025-02-03 19:45:00+00:00,1,2
2024,14,ACF Fiorentina,FC Internazionale Milano,2025-02-06 19:45:00+00:00,3,0
2024,24,Como 1907,Juventus FC,2025-02-07 19:45:00+00:00,1,2
2024,24,Hellas Verona FC,Atalanta BC,2025-02-08 14:00:00+00:00,0,5
2024,24,Empoli FC,AC Milan,2025-02-08 17:00:00+00:00,0,2
2024,24,Torino FC,Genoa CFC,2025-02-08 19:45:00+00:00,1,1
2024,24,Venezia FC,AS Roma,2025-02-09 11:30:00+00:00,0,1
2024,24,Cagliari Calcio,Parma Calcio 1913,2025-02-09 14:00:00+00:00,2,1
2024,24,SS Lazio,AC Monza,2025-02-09 14:00:00+00:00,5,1
2024,24,US Lecce,Bologna FC 1909,2025-02-09 17:00:00+00:00,0,0
2024,24,SSC Napoli,Udinese Calcio,2025-02-09 19:45:00+00:00,1,1
2024,24,FC Internazionale Milano,ACF Fiorentina,2025-02-10 19:45:00+00:00,2,1
2024,25,Bologna FC 1909,Torino FC,2025-02-14 19:45:00+00:00,3,2
2024,25,Atalanta BC,Cagliari Calcio,2025-02-15 14:00:00+00:00,0,0
2024,25,SS Lazio,SSC Napoli,2025-02-15 17:00:00+00:00,2,2
2024,25,AC Milan,Hellas Verona FC,2025-02-15 19:45:00+00:00,1,0
2024,25,ACF Fiorentina,Como 1907,2025-02-16 11:30:00+00:00,0,2
2024,25,AC Monza,US Lecce,2025-02-16 14:00:00+00:00,0,0
2024,25,Udinese Calcio,Empoli FC,2025-02-16 14:00:00+00:00,3,0
2024,25,Parma Calcio 1913,AS Roma,2025-02-16 17:00:00+00:00,0,1
2024,25,Juventus FC,FC Internazionale Milano,2025-02-16 19:45:00+00:00,1,0
2024,25,Genoa CFC,Venezia FC,2025-02-17 19:45:00+00:00,2,0
2024,26,US Lecce,Udinese Calcio,2025-02-21 19:45:00+00:00,0,1
2024,26,Parma Calcio 1913,Bologna FC 1909,2025-02-22 14:00:00+00:00,2,0
2024,26,Venezia FC,SS Lazio,2025-02-22 14:00:00+00:00,0,0
2024,26,Torino FC,AC Milan,2025-02-22 17:00:00+00:00,2,1
2024,26,FC Internazionale Milano,Genoa CFC,2025-02-22 19:45:00+00:00,1,0
2024,26,Como 1907,SSC Napoli,2025-02-23 11:30:00+00:00,2,1
2024,26,Hellas Verona FC,ACF Fiorentina,2025-02-23 14:00:00+00:00,1,0
2024,26,Empoli FC,Atalanta BC,2025-02-23 17:00:00+00:00,0,5
2024,26,Cagliari Calcio,Juventus FC,2025-02-23 19:45:00+00:00,0,1
2024,26,AS Roma,AC Monza,2025-02-24 19:45:00+00:00,4,0
2024,9,Bologna FC 1909,AC Milan,2025-02-27 19:45:00+00:00,2,1
2024,27,ACF Fiorentina,US Lecce,2025-02-28 19:45:00+00:00,1,0
2024,27,Atalanta BC,Venezia FC,2025-03-01 14:00:00+00:00,0,0
2024,27,SSC Napoli,FC Internazionale Milano,2025-03-01 17:00:00+00:00,1,1
2024,27,Udinese Calcio,Parma Calcio 1913,2025-03-01 19:45:00+00:00,1,0
2024,27,AC Monza,Torino FC,2025-03-02 11:30:00+00:00,0,2
2024,27,Bologna FC 1909,Cagliari Calcio,2025-03-02 14:00:00+00:00,2,1
2024,27,Genoa CFC,Empoli FC,2025-03-02 14:00:00+00:00,1,1
2024,27,AS Roma,Como 1907,2025-03-02 17:00:00+00:00,2,1
2024,27,AC Milan,SS Lazio,2025-03-02 19:45:00+00:00,1,2
2024,27,Juventus FC,Hellas Verona FC,2025-03-03 19:45:00+00:00,2,0
2024,28,Cagliari Calcio,Genoa CFC,2025-03-07 19:45:00+00:00,1,1
2024,28,Como 1907,Venezia FC,2025-03-08 14:00:00+00:00,1,1
2024,28,Parma Calcio 1913,Torino FC,2025-03-08 14:00:00+00:00,2,2
2024,28,US Lecce,AC Milan,2025-03-08 17:00:00+00:00,2,3
2024,28,FC Internazionale Milano,AC Monza,2025-03-08 19:45:00+00:00,3,2
2024,28,Hellas Verona FC,Bologna FC 1909,2025-03-09 11:30:00+00:00,1,2
2024,28,SSC Napoli,ACF Fiorentina,2025-03-09 14:00:00+00:00,2,1
2024,28,Empoli FC,AS Roma,2025-03-09 17:00:00+00:00,0,1
2024,28,Juventus FC,Atalanta BC,2025-03-09 19:45:00+00:00,0,4
2024,28,SS Lazio,Udinese Calcio,2025-03-10 19:45:00+00:00,1,1
2024,29,Genoa CFC,US Lecce,2025-03-14 19:45:00+00:00,2,1
2024,29,AC Monza,Parma Calcio 1913,2025-03-15 14:00:00+00:00,1,1
2024,29,Udinese Calcio,Hellas Verona FC,2025-03-15 14:00:00+00:00,0,1
2024,29,AC Milan,Como 1907,2025-03-15 17:00:00+00:00,2,1
2024,29,Torino FC,Empoli FC,2025-03-15 19:45:00+00:00,1,0
2024,29,Venezia FC,SSC Napoli,2025-03-16 11:30:00+00:00,0,0
2024,29,Bologna FC 1909,SS Lazio,2025-03-16 14:00:00+00:00,5,0
2024,29,AS Roma,Cagliari Calcio,2025-03-16 15:00:00+00:00,1,0
2024,29,ACF Fiorentina,Juventus FC,2025-03-16 17:00:00+00:00,3,0
2024,29,Atalanta BC,FC Internazionale Milano,2025-03-16 19:45:00+00:00,0,2
2024,30,Como 1907,Empoli FC,2025-03-29 14:00:00+00:00,1,1
2024,30,Venezia FC,Bologna FC 1909,2025-03-29 14:00:00+00:00,0,1
2024,30,Juventus FC,Genoa CFC,2025-03-29 17:00:00+00:00,1,0
2024,30,US Lecce,AS Roma,2025-03-29 19:45:00+00:00,0,1
2024,30,Cagliari Calcio,AC Monza,2025-03-30 10:30:00+00:00,3,0
2024,30,ACF Fiorentina,Atalanta BC,2025-03-30 13:00:00+00:00,1,0
2024,30,FC Internazionale Milano,Udinese Calcio,2025-03-30 16:00:00+00:00,2,1
2024,30,SSC Napoli,AC Milan,2025-03-30 18:45:00+00:00,2,1
2024,30,Hellas Verona FC,Parma Calcio 1913,2025-03-31 16:30:00+00:00,0,0
2024,30,SS Lazio,Torino FC,2025-03-31 18:45:00+00:00,1,1
2024,31,Genoa CFC,Udinese Calcio,2025-04-04 18:45:00+00:00,1,0
2024,31,AC Monza,Como 1907,2025-04-05 13:00:00+00:00,1,3
2024,31,Parma Calcio 1913,FC Internazionale Milano,2025-04-05 16:00:00+00:00,2,2
2024,31,AC Milan,ACF Fiorentina,2025-04-05 18:45:00+00:00,2,2
2024,31,US Lecce,Venezia FC,2025-04-06 10:30:00+00:00,1,1
2024,31,Empoli FC,Cagliari Calcio,2025-04-06 13:00:00+00:00,0,0
2024,31,Torino FC,Hellas Verona FC,2025-04-06 13:00:00+00:00,1,1
2024,31,Atalanta BC,SS Lazio,2025-04-06 16:00:00+00:00,0,1
2024,31,AS Roma,Juventus FC,2025-04-06 18:45:00+00:00,1,1
2024,31,Bologna FC 1909,SSC Napoli,2025-04-07 18:45:00+00:00,1,1
2024,32,Udinese Calcio,AC Milan,2025-04-11 18:45:00+00:00,0,4
2024,32,Venezia FC,AC Monza,2025-04-12 13:00:00+00:00,1,0
2024,32,FC Internazionale Milano,Cagliari Calcio,2025-04-12 16:00:00+00:00,3,1
2024,32,Juventus FC,US Lecce,2025-04-12 18:45:00+00:00,2,1
2024,32,Atalanta BC,Bologna FC 1909,2025-04-13 10:30:00+00:00,2,0
2024,32,ACF Fiorentina,Parma Calcio 1913,2025-04-13 13:00:00+00:00,0,0
2024,32,Hellas Verona FC,Genoa CFC,2025-04-13 13:00:00+00:00,0,0
2024,32,Como 1907,Torino FC,2025-04-13 16:00:00+00:00,1,0
2024,32,SS Lazio,AS Roma,2025-04-13 18:45:00+00:00,1,1
2024,32,SSC Napoli,Empoli FC,2025-04-14 18:45:00+00:00,3,0
2024,33,US Lecce,Como 1907,2025-04-19 13:00:00+00:00,0,3
2024,33,AC Monza,SSC Napoli,2025-04-19 16:00:00+00:00,0,1
2024,33,AS Roma,Hellas Verona FC,2025-04-19 18:45:00+00:00,1,0
2024,33,Empoli FC,Venezia FC,2025-04-20 13:00:00+00:00,2,2
2024,33,Bologna FC 1909,FC Internazionale Milano,2025-04-20 16:00:00+00:00,1,0
2024,33,AC Milan,Atalanta BC,2025-04-20 18:45:00+00:00,0,1
2024,33,Cagliari Calcio,ACF Fiorentina,2025-04-23 16:30:00+00:00,1,2
2024,33,Genoa CFC,SS Lazio,2025-04-23 16:30:00+00:00,0,2
2024,33,Parma Calcio 1913,Juventus FC,2025-04-23 16:30:00+00:00,1,0
2024,33,Torino FC,Udinese Calcio,2025-04-23 16:30:00+00:00,2,0
2024,34,Como 1907,Genoa CFC,2025-04-27 10:30:00+00:00,1,0
2024,34,Venezia FC,AC Milan,2025-04-27 10:30:00+00:00,0,2
2024,34,ACF Fiorentina,Empoli FC,2025-04-27 13:00:00+00:00,2,1
2024,34,FC Internazionale Milano,AS Roma,2025-04-27 13:00:00+00:00,0,1
2024,34,Juventus FC,AC Monza,2025-04-27 16:00:00+00:00,2,0
2024,34,Atalanta BC,US Lecce,2025-04-27 18:45:00+00:00,1,1
2024,34,SSC Napoli,Torino FC,2025-04-27 18:45:00+00:00,2,0
2024,34,Udinese Calcio,Bologna FC 1909,2025-04-28 16:30:00+00:00,0,0
2024,34,Hellas Verona FC,Cagliari Calcio,2025-04-28 18:45:00+00:00,0,2
2024,34,SS Lazio,Parma Calcio 1913,2025-04-28 18:45:00+00:00,2,2
2024,35,Torino FC,Venezia FC,2025-05-02 18:45:00+00:00,1,1
2024,35,Cagliari Calcio,Udinese Calcio,2025-05-03 13:00:00+00:00,1,2
2024,35,Parma Calcio 1913,Como 1907,2025-05-03 13:00:00+00:00,0,1
2024,35,US Lecce,SSC Napoli,2025-05-03 16:00:00+00:00,0,1
2024,35,FC Internazionale Milano,Hellas Verona FC,2025-05-03 18:45:00+00:00,1,0
2024,35,Empoli FC,SS Lazio,2025-05-04 10:30:00+00:00,0,1
2024,35,AC Monza,Atalanta BC,2025-05-04 13:00:00+00:00,0,4
2024,35,AS Roma,ACF Fiorentina,2025-05-04 16:00:00+00:00,1,0
2024,35,Bologna FC 1909,Juventus FC,2025-05-04 18:45:00+00:00,1,1
2024,35,Genoa CFC,AC Milan,2025-05-05 18:45:00+00:00,1,2
2024,36,AC Milan,Bologna FC 1909,2025-05-09 18:45:00+00:00,3,1
2024,36,Como 1907,Cagliari Calcio,2025-05-10 13:00:00+00:00,3,1
2024,36,SS Lazio,Juventus FC,2025-05-10 16:00:00+00:00,1,1
2024,36,Empoli FC,Parma Calcio 1913,2025-05-10 18:45:00+00:00,2,1
2024,36,Udinese Calcio,AC Monza,2025-05-11 10:30:00+00:00,1,2
2024,36,Hellas Verona FC,US Lecce,2025-05-11 13:00:00+00:00,1,1
2024,36,Torino FC,FC Internazionale Milano,2025-05-11 16:00:00+00:00,0,2
2024,36,SSC Napoli,Genoa CFC,2025-05-11 18:45:00+00:00,2,2
2024,36,Venezia FC,ACF Fiorentina,2025-05-12 16:30:00+00:00,2,1
2024,36,Atalanta BC,AS Roma,2025-05-12 18:45:00+00:00,2,1
2024,37,Genoa CFC,Atalanta BC,2025-05-17 18:45:00+00:00,2,3
2024,37,Cagliari Calcio,Venezia FC,2025-05-18 18:45:00+00:00,3,0
2024,37,ACF Fiorentina,Bologna FC 1909,2025-05-18 18:45:00+00:00,3,2
2024,37,Hellas Verona FC,Como 1907,2025-05-18 18:45:00+00:00,1,1
2024,37,FC Internazionale Milano,SS Lazio,2025-05-18 18:45:00+00:00,2,2
2024,37,Juventus FC,Udinese Calcio,2025-05-18 18:45:00+00:00,2,0
2024,37,US Lecce,Torino FC,2025-05-18 18:45:00+00:00,1,0
2024,37,AC Monza,Empoli FC,2025-05-18 18:45:00+00:00,1,3
2024,37,Parma Calcio 1913,SSC Napoli,2025-05-18 18:45:00+00:00,0,0
2024,37,AS Roma,AC Milan,2025-05-18 18:45:00+00:00,3,1
2024,38,Como 1907,FC Internazionale Milano,2025-05-23 18:45:00+00:00,0,2
2024,38,SSC Napoli,Cagliari Calcio,2025-05-23 18:45:00+00:00,2,0
2024,38,Bologna FC 1909,Genoa CFC,2025-05-24 16:00:00+00:00,1,3
2024,38,AC Milan,AC Monza,2025-05-24 18:45:00+00:00,2,0
2024,38,Atalanta BC,Parma Calcio 1913,2025-05-25 18:45:00+00:00,2,3
2024,38,Empoli FC,Hellas Verona FC,2025-05-25 18:45:00+00:00,1,2
2024,38,SS Lazio,US Lecce,2025-05-25 18:45:00+00:00,0,1
2024,38,Torino FC,AS Roma,2025-05-25 18:45:00+00:00,0,2
2024,38,Udinese Calcio,ACF Fiorentina,2025-05-25 18:45:00+00:00,2,3
2024,38,Venezia FC,Juventus FC,2025-05-25 18:45:00+00:00,2,3
2023,1,Empoli FC,Hellas Verona FC,2023-08-19 16:30:00+00:00,0,1
2023,1,Frosinone Calcio,SSC Napoli,2023-08-19 16:30:00+00:00,1,3
2023,1,Genoa CFC,ACF Fiorentina,2023-08-19 18:45:00+00:00,1,4
2023,1,FC Internazionale Milano,AC Monza,2023-08-19 18:45:00+00:00,2,0
2023,1,AS Roma,US Salernitana 1919,2023-08-20 16:30:00+00:00,2,2
2023,1,US Sassuolo Calcio,Atalanta BC,2023-08-20 16:30:00+00:00,0,2
2023,1,US Lecce,SS Lazio,2023-08-20 18:45:00+00:00,2,1
2023,1,Udinese Calcio,Juventus FC,2023-08-20 18:45:00+00:00,0,3
2023,1,Torino FC,Cagliari Calcio,2023-08-21 16:30:00+00:00,0,0
2023,1,Bologna FC 1909,AC Milan,2023-08-21 18:45:00+00:00,0,2
2023,2,Frosinone Calcio,Atalanta BC,2023-08-26 16:30:00+00:00,2,1
2023,2,AC Monza,Empoli FC,2023-08-26 16:30:00+00:00,2,0
2023,2,Hellas Verona FC,AS Roma,2023-08-26 18:45:00+00:00,2,1
2023,2,AC Milan,Torino FC,2023-08-26 18:45:00+00:00,4,1
2023,2,ACF Fiorentina,US Lecce,2023-08-27 16:30:00+00:00,2,2
2023,2,Juventus FC,Bologna FC 1909,2023-08-27 16:30:00+00:00,1,1
2023,2,SS Lazio,Genoa CFC,2023-08-27 18:45:00+00:00,0,1
2023,2,SSC Napoli,US Sassuolo Calcio,2023-08-27 18:45:00+00:00,2,0
2023,2,US Salernitana 1919,Udinese Calcio,2023-08-28 16:30:00+00:00,1,1
2023,2,Cagliari Calcio,FC Internazionale Milano,2023-08-28 18:45:00+00:00,0,2
2023,3,US Sassuolo Calcio,Hellas Verona FC,2023-09-01 16:30:00+00:00,3,1
2023,3,AS Roma,AC Milan,2023-09-01 18:45:00+00:00,1,2
2023,3,Bologna FC 1909,Cagliari Calcio,2023-09-02 16:30:00+00:00,2,1
2023,3,Udinese Calcio,Frosinone Calcio,2023-09-02 16:30:00+00:00,0,0
2023,3,Atalanta BC,AC Monza,2023-09-02 18:45:00+00:00,3,0
2023,3,SSC Napoli,SS Lazio,2023-09-02 18:45:00+00:00,1,2
2023,3,FC Internazionale Milano,ACF Fiorentina,2023-09-03 16:30:00+00:00,4,0
2023,3,Torino FC,Genoa CFC,2023-09-03 16:30:00+00:00,1,0
2023,3,Empoli FC,Juventus FC,2023-09-03 18:45:00+00:00,0,2
2023,3,US Lecce,US Salernitana 1919,2023-09-03 18:45:00+00:00,2,0
2023,4,Juventus FC,SS Lazio,2023-09-16 13:00:00+00:00,3,1
2023,4,FC Internazionale Milano,AC Milan,2023-09-16 16:00:00+00:00,5,1
2023,4,Genoa CFC,SSC Napoli,2023-09-16 18:45:00+00:00,2,2
2023,4,Cagliari Calcio,Udinese Calcio,2023-09-17 10:30:00+00:00,0,0
2023,4,Frosinone Calcio,US Sassuolo Calcio,2023-09-17 13:00:00+00:00,4,2
2023,4,AC Monza,US Lecce,2023-09-17 13:00:00+00:00,1,1
2023,4,ACF Fiorentina,Atalanta BC,2023-09-17 16:00:00+00:00,3,2
2023,4,AS Roma,Empoli FC,2023-09-17 18:45:00+00:00,7,0
2023,4,US Salernitana 1919,Torino FC,2023-09-18 16:30:00+00:00,0,3
2023,4,Hellas Verona FC,Bologna FC 1909,2023-09-18 18:45:00+00:00,0,0
2023,5,US Salernitana 1919,Frosinone Calcio,2023-09-22 16:30:00+00:00,1,1
2023,5,US Lecce,Genoa CFC,2023-09-22 18:45:00+00:00,1,0
2023,5,AC Milan,Hellas Verona FC,2023-09-23 13:00:00+00:00,1,0
2023,5,US Sassuolo Calcio,Juventus FC,2023-09-23 16:00:00+00:00,4,2
2023,5,SS Lazio,AC Monza,2023-09-23 18:45:00+00:00,1,1
2023,5,Empoli FC,FC Internazionale Milano,2023-09-24 10:30:00+00:00,0,1
2023,5,Atalanta BC,Cagliari Calcio,2023-09-24 13:00:00+00:00,2,0
2023,5,Udinese Calcio,ACF Fiorentina,2023-09-24 13:00:00+00:00,0,2
2023,5,Bologna FC 1909,SSC Napoli,2023-09-24 16:00:00+00:00,0,0
2023,5,Torino FC,AS Roma,2023-09-24 18:45:00+00:00,1,1
2023,6,Juventus FC,US Lecce,2023-09-26 18:45:00+00:00,1,0
2023,6,Cagliari Calcio,AC Milan,2023-09-27 16:30:00+00:00,1,3
2023,6,Empoli FC,US Salernitana 1919,2023-09-27 16:30:00+00:00,1,0
2023,6,Hellas Verona FC,Atalanta BC,2023-09-27 16:30:00+00:00,0,1
2023,6,FC Internazionale Milano,US Sassuolo Calcio,2023-09-27 18:45:00+00:00,1,2
2023,6,SS Lazio,Torino FC,2023-09-27 18:45:00+00:00,2,0
2023,6,SSC Napoli,Udinese Calcio,2023-09-27 18:45:00+00:00,4,1
2023,6,Frosinone Calcio,ACF Fiorentina,2023-09-28 16:30:00+00:00,1,1
2023,6,AC Monza,Bologna FC 1909,2023-09-28 16:30:00+00:00,0,0
2023,6,Genoa CFC,AS Roma,2023-09-28 18:45:00+00:00,4,1
2023,7,US Lecce,SSC Napoli,2023-09-30 13:00:00+00:00,0,4
2023,7,AC Milan,SS Lazio,2023-09-30 16:00:00+00:00,2,0
2023,7,US Salernitana 1919,FC Internazionale Milano,2023-09-30 18:45:00+00:00,0,4
2023,7,Bologna FC 1909,Empoli FC,2023-10-01 10:30:00+00:00,3,0
2023,7,Udinese Calcio,Genoa CFC,2023-10-01 13:00:00+00:00,2,2
2023,7,Atalanta BC,Juventus FC,2023-10-01 16:00:00+00:00,0,0
2023,7,AS Roma,Frosinone Calcio,2023-10-01 18:45:00+00:00,2,0
2023,7,US Sassuolo Calcio,AC Monza,2023-10-02 16:30:00+00:00,0,1
2023,7,Torino FC,Hellas Verona FC,2023-10-02 16:30:00+00:00,0,0
2023,7,ACF Fiorentina,Cagliari Calcio,2023-10-02 18:45:00+00:00,3,0
2023,8,Empoli FC,Udinese Calcio,2023-10-06 16:30:00+00:00,0,0
2023,8,US Lecce,US Sassuolo Calcio,2023-10-06 18:45:00+00:00,1,1
2023,8,FC Internazionale Milano,Bologna FC 1909,2023-10-07 13:00:00+00:00,2,2
2023,8,Juventus FC,Torino FC,2023-10-07 16:00:00+00:00,2,0
2023,8,Genoa CFC,AC Milan,2023-10-07 18:45:00+00:00,0,1
2023,8,AC Monza,US Salernitana 1919,2023-10-08 10:30:00+00:00,3,0
2023,8,Frosinone Calcio,Hellas Verona FC,2023-10-08 13:00:00+00:00,2,1
2023,8,SS Lazio,Atalanta BC,2023-10-08 13:00:00+00:00,3,2
2023,8,Cagliari Calcio,AS Roma,2023-10-08 16:00:00+00:00,1,4
2023,8,SSC Napoli,ACF Fiorentina,2023-10-08 18:45:00+00:00,1,3
2023,9,Hellas Verona FC,SSC Napoli,2023-10-21 13:00:00+00:00,1,3
2023,9,Torino FC,FC Internazionale Milano,2023-10-21 16:00:00+00:00,0,3
2023,9,US Sassuolo Calcio,SS Lazio,2023-10-21 18:45:00+00:00,0,2
2023,9,AS Roma,AC Monza,2023-10-22 10:30:00+00:00,1,0
2023,9,Bologna FC 1909,Frosinone Calcio,2023-10-22 13:00:00+00:00,2,1
2023,9,US Salernitana 1919,Cagliari Calcio,2023-10-22 13:00:00+00:00,2,2
2023,9,Atalanta BC,Genoa CFC,2023-10-22 16:00:00+00:00,2,0
2023,9,AC Milan,Juventus FC,2023-10-22 18:45:00+00:00,0,1
2023,9,Udinese Calcio,US Lecce,2023-10-23 16:30:00+00:00,1,1
2023,9,ACF Fiorentina,Empoli FC,2023-10-23 18:45:00+00:00,0,2
2023,10,Genoa CFC,US Salernitana 1919,2023-10-27 18:45:00+00:00,1,0
2023,10,US Sassuolo Calcio,Bologna FC 1909,2023-10-28 13:00:00+00:00,1,1
2023,10,US Lecce,Torino FC,2023-10-28 16:00:00+00:00,0,1
2023,10,Juventus FC,Hellas Verona FC,2023-10-28 18:45:00+00:00,1,0
2023,10,Cagliari Calcio,Frosinone Calcio,2023-10-29 11:30:00+00:00,4,3
2023,10,AC Monza,Udinese Calcio,2023-10-29 14:00:00+00:00,1,1
2023,10,FC Internazionale Milano,AS Roma,2023-10-29 17:00:00+00:00,1,0
2023,10,SSC Napoli,AC Milan,2023-10-29 19:45:00+00:00,2,2
2023,10,Empoli FC,Atalanta BC,2023-10-30 17:30:00+00:00,0,3
2023,10,SS Lazio,ACF Fiorentina,2023-10-30 19:45:00+00:00,1,0
2023,11,Bologna FC 1909,SS Lazio,2023-11-03 19:45:00+00:00,1,0
2023,11,US Salernitana 1919,SSC Napoli,2023-11-04 14:00:00+00:00,0,2
2023,11,Atalanta BC,FC Internazionale Milano,2023-11-04 17:00:00+00:00,1,2
2023,11,AC Milan,Udinese Calcio,2023-11-04 19:45:00+00:00,0,1
2023,11,Hellas Verona FC,AC Monza,2023-11-05 11:30:00+00:00,1,3
2023,11,Cagliari Calcio,Genoa CFC,2023-11-05 14:00:00+00:00,2,1
2023,11,AS Roma,US Lecce,2023-11-05 17:00:00+00:00,2,1
2023,11,ACF Fiorentina,Juventus FC,2023-11-05 19:45:00+00:00,0,1
2023,11,Frosinone Calcio,Empoli FC,2023-11-06 17:30:00+00:00,2,1
2023,11,Torino FC,US Sassuolo Calcio,2023-11-06 19:45:00+00:00,2,1
2023,12,US Sassuolo Calcio,US Salernitana 1919,2023-11-10 17:30:00+00:00,2,2
2023,12,Genoa CFC,Hellas Verona FC,2023-11-10 19:45:00+00:00,1,0
2023,12,US Lecce,AC Milan,2023-11-11 14:00:00+00:00,2,2
2023,12,Juventus FC,Cagliari Calcio,2023-11-11 17:00:00+00:00,2,1
2023,12,AC Monza,Torino FC,2023-11-11 19:45:00+00:00,1,1
2023,12,SSC Napoli,Empoli FC,2023-11-12 11:30:00+00:00,0,1
2023,12,ACF Fiorentina,Bologna FC 1909,2023-11-12 14:00:00+00:00,2,1
2023,12,Udinese Calcio,Atalanta BC,2023-11-12 14:00:00+00:00,1,1
2023,12,SS Lazio,AS Roma,2023-11-12 17:00:00+00:00,0,0
2023,12,FC Internazionale Milano,Frosinone Calcio,2023-11-12 19:45:00+00:00,2,0
2023,13,US Salernitana 1919,SS Lazio,2023-11-25 14:00:00+00:00,2,1
2023,13,Atalanta BC,SSC Napoli,2023-11-25 17:00:00+00:00,1,2
2023,13,AC Milan,ACF Fiorentina,2023-11-25 19:45:00+00:00,1,0
2023,13,Cagliari Calcio,AC Monza,2023-11-26 11:30:00+00:00,1,1
2023,13,Empoli FC,US Sassuolo Calcio,2023-11-26 14:00:00+00:00,3,4
2023,13,Frosinone Calcio,Genoa CFC,2023-11-26 14:00:00+00:00,2,1
2023,13,AS Roma,Udinese Calcio,2023-11-26 17:00:00+00:00,3,1
2023,13,Juventus FC,FC Internazionale Milano,2023-11-26 19:45:00+00:00,1,1
2023,13,Hellas Verona FC,US Lecce,2023-11-27 17:30:00+00:00,2,2
2023,13,Bologna FC 1909,Torino FC,2023-11-27 19:45:00+00:00,2,0
2023,14,AC Monza,Juventus FC,2023-12-01 19:45:00+00:00,1,2
2023,14,Genoa CFC,Empoli FC,2023-12-02 14:00:00+00:00,1,1
2023,14,SS Lazio,Cagliari Calcio,2023-12-02 17:00:00+00:00,1,0
2023,14,AC Milan,Frosinone Calcio,2023-12-02 19:45:00+00:00,3,1
2023,14,US Lecce,Bologna FC 1909,2023-12-03 11:30:00+00:00,1,1
2023,14,ACF Fiorentina,US Salernitana 1919,2023-12-03 14:00:00+00:00,3,0
2023,14,Udinese Calcio,Hellas Verona FC,2023-12-03 14:00:00+00:00,3,3
2023,14,US Sassuolo Calcio,AS Roma,2023-12-03 17:00:00+00:00,1,2
2023,14,SSC Napoli,FC Internazionale Milano,2023-12-03 19:45:00+00:00,0,3
2023,14,Torino FC,Atalanta BC,2023-12-04 19:45:00+00:00,3,0
2023,15,Juventus FC,SSC Napoli,2023-12-08 19:45:00+00:00,1,0
2023,15,Hellas Verona FC,SS Lazio,2023-12-09 14:00:00+00:00,1,1
2023,15,Atalanta BC,AC Milan,2023-12-09 17:00:00+00:00,3,2
2023,15,FC Internazionale Milano,Udinese Calcio,2023-12-09 19:45:00+00:00,4,0
2023,15,Frosinone Calcio,Torino FC,2023-12-10 11:30:00+00:00,0,0
2023,15,AC Monza,Genoa CFC,2023-12-10 14:00:00+00:00,1,0
2023,15,US Salernitana 1919,Bologna FC 1909,2023-12-10 17:00:00+00:00,1,2
2023,15,AS Roma,ACF Fiorentina,2023-12-10 19:45:00+00:00,1,1
2023,15,Empoli FC,US Lecce,2023-12-11 17:30:00+00:00,1,1
2023,15,Cagliari Calcio,US Sassuolo Calcio,2023-12-11 19:45:00+00:00,2,1
2023,16,Genoa CFC,Juventus FC,2023-12-15 19:45:00+00:00,1,1
2023,16,US Lecce,Frosinone Calcio,2023-12-16 14:00:00+00:00,2,1
2023,16,SSC Napoli,Cagliari Calcio,2023-12-16 17:30:00+00:00,2,1
2023,16,Torino FC,Empoli FC,2023-12-16 19:45:00+00:00,1,0
2023,16,AC Milan,AC Monza,2023-12-17 11:30:00+00:00,3,0
2023,16,ACF Fiorentina,Hellas Verona FC,2023-12-17 14:00:00+00:00,1,0
2023,16,Udinese Calcio,US Sassuolo Calcio,2023-12-17 14:00:00+00:00,2,2
2023,16,Bologna FC 1909,AS Roma,2023-12-17 17:00:00+00:00,2,0
2023,16,SS Lazio,FC Internazionale Milano,2023-12-17 19:45:00+00:00,0,2
2023,16,Atalanta BC,US Salernitana 1919,2023-12-18 19:45:00+00:00,4,1
2023,17,US Sassuolo Calcio,Genoa CFC,2023-12-22 17:30:00+00:00,1,2
2023,17,Empoli FC,SS Lazio,2023-12-22 17:30:00+00:00,0,2
2023,17,AC Monza,ACF Fiorentina,2023-12-22 19:45:00+00:00,0,1
2023,17,US Salernitana 1919,AC Milan,2023-12-22 19:45:00+00:00,2,2
2023,17,Frosinone Calcio,Juventus FC,2023-12-23 11:30:00+00:00,1,2
2023,17,Torino FC,Udinese Calcio,2023-12-23 14:00:00+00:00,1,1
2023,17,Bologna FC 1909,Atalanta BC,2023-12-23 14:00:00+00:00,1,0
2023,17,Hellas Verona FC,Cagliari Calcio,2023-12-23 17:00:00+00:00,2,0
2023,17,FC Internazionale Milano,US Lecce,2023-12-23 17:00:00+00:00,2,0
2023,17,AS Roma,SSC Napoli,2023-12-23 19:45:00+00:00,2,0
2023,18,ACF Fiorentina,Torino FC,2023-12-29 17:30:00+00:00,1,0
2023,18,SSC Napoli,AC Monza,2023-12-29 17:30:00+00:00,0,0
2023,18,Genoa CFC,FC Internazionale Milano,2023-12-29 19:45:00+00:00,1,1
2023,18,SS Lazio,Frosinone Calcio,2023-12-29 19:45:00+00:00,3,1
2023,18,Atalanta BC,US Lecce,2023-12-30 11:30:00+00:00,1,0
2023,18,Cagliari Calcio,Empoli FC,2023-12-30 14:00:00+00:00,0,0
2023,18,Udinese Calcio,Bologna FC 1909,2023-12-30 14:00:00+00:00,3,0
2023,18,Hellas Verona FC,US Salernitana 1919,2023-12-30 17:00:00+00:00,0,1
2023,18,AC Milan,US Sassuolo Calcio,2023-12-30 17:00:00+00:00,1,0
2023,18,Juventus FC,AS Roma,2023-12-30 19:45:00+00:00,1,0
2023,19,Bologna FC 1909,Genoa CFC,2024-01-05 19:45:00+00:00,1,1
2023,19,FC Internazionale Milano,Hellas Verona FC,2024-01-06 11:30:00+00:00,2,1
2023,19,Frosinone Calcio,AC Monza,2024-01-06 14:00:00+00:00,2,3
2023,19,US Lecce,Cagliari Calcio,2024-01-06 17:00:00+00:00,1,1
2023,19,US Sassuolo Calcio,ACF Fiorentina,2024-01-06 19:45:00+00:00,1,0
2023,19,Empoli FC,AC Milan,2024-01-07 11:30:00+00:00,0,3
2023,19,Torino FC,SSC Napoli,2024-01-07 14:00:00+00:00,3,0
2023,19,Udinese Calcio,SS Lazio,2024-01-07 14:00:00+00:00,1,2
2023,19,US Salernitana 1919,Juventus FC,2024-01-07 17:00:00+00:00,1,2
2023,19,AS Roma,Atalanta BC,2024-01-07 19:45:00+00:00,1,1
2023,20,Genoa CFC,Torino FC,2024-01-13 14:00:00+00:00,0,0
2023,20,SSC Napoli,US Salernitana 1919,2024-01-13 14:00:00+00:00,2,1
2023,20,Hellas Verona FC,Empoli FC,2024-01-13 17:00:00+00:00,2,1
2023,20,AC Monza,FC Internazionale Milano,2024-01-13 19:45:00+00:00,1,5
2023,20,SS Lazio,US Lecce,2024-01-14 11:30:00+00:00,1,0
2023,20,Cagliari Calcio,Bologna FC 1909,2024-01-14 14:00:00+00:00,2,1
2023,20,ACF Fiorentina,Udinese Calcio,2024-01-14 17:00:00+00:00,2,2
2023,20,AC Milan,AS Roma,2024-01-14 19:45:00+00:00,3,1
2023,20,Atalanta BC,Frosinone Calcio,2024-01-15 19:45:00+00:00,5,0
2023,20,Juventus FC,US Sassuolo Calcio,2024-01-16 19:45:00+00:00,3,0
2023,21,AS Roma,Hellas Verona FC,2024-01-20 17:00:00+00:00,2,1
2023,21,Udinese Calcio,AC Milan,2024-01-20 19:45:00+00:00,2,3
2023,21,Frosinone Calcio,Cagliari Calcio,2024-01-21 11:30:00+00:00,3,1
2023,21,Empoli FC,AC Monza,2024-01-21 14:00:00+00:00,3,0
2023,21,US Salernitana 1919,Genoa CFC,2024-01-21 17:00:00+00:00,1,2
2023,21,US Lecce,Juventus FC,2024-01-21 19:45:00+00:00,0,3
2023,22,Cagliari Calcio,Torino FC,2024-01-26 19:45:00+00:00,1,2
2023,22,Atalanta BC,Udinese Calcio,2024-01-27 14:00:00+00:00,2,0
2023,22,Juventus FC,Empoli FC,2024-01-27 17:00:00+00:00,1,1
2023,22,AC Milan,Bologna FC 1909,2024-01-27 19:45:00+00:00,2,2
2023,22,Genoa CFC,US Lecce,2024-01-28 11:30:00+00:00,2,1
2023,22,Hellas Verona FC,Frosinone Calcio,2024-01-28 14:00:00+00:00,1,1
2023,22,AC Monza,US Sassuolo Calcio,2024-01-28 14:00:00+00:00,1,0
2023,22,SS Lazio,SSC Napoli,2024-01-28 17:00:00+00:00,0,0
2023,22,ACF Fiorentina,FC Internazionale Milano,2024-01-28 19:45:00+00:00,0,1
2023,22,US Salernitana 1919,AS Roma,2024-01-29 19:45:00+00:00,1,2
2023,23,US Lecce,ACF Fiorentina,2024-02-02 19:45:00+00:00,3,2
2023,23,Empoli FC,Genoa CFC,2024-02-03 14:00:00+00:00,0,0
2023,23,Udinese Calcio,AC Monza,2024-02-03 14:00:00+00:00,0,0
2023,23,Frosinone Calcio,AC Milan,2024-02-03 17:00:00+00:00,2,3
2023,23,Bologna FC 1909,US Sassuolo Calcio,2024-02-03 19:45:00+00:00,4,2
2023,23,Torino FC,US Salernitana 1919,2024-02-04 11:30:00+00:00,0,0
2023,23,SSC Napoli,Hellas Verona FC,2024-02-04 14:00:00+00:00,2,1
2023,23,Atalanta BC,SS Lazio,2024-02-04 17:00:00+00:00,3,1
2023,23,FC Internazionale Milano,Juventus FC,2024-02-04 19:45:00+00:00,1,0
2023,23,AS Roma,Cagliari Calcio,2024-02-05 19:45:00+00:00,4,0
2023,24,US Salernitana 1919,Empoli FC,2024-02-09 19:45:00+00:00,1,3
2023,24,Cagliari Calcio,SS Lazio,2024-02-10 14:00:00+00:00,1,3
2023,24,AS Roma,FC Internazionale Milano,2024-02-10 17:00:00+00:00,2,4
2023,24,US Sassuolo Calcio,Torino FC,2024-02-10 19:45:00+00:00,1,1
2023,24,ACF Fiorentina,Frosinone Calcio,2024-02-11 11:30:00+00:00,5,1
2023,24,Bologna FC 1909,US Lecce,2024-02-11 14:00:00+00:00,4,0
2023,24,AC Monza,Hellas Verona FC,2024-02-11 14:00:00+00:00,0,0
2023,24,Genoa CFC,Atalanta BC,2024-02-11 17:00:00+00:00,1,4
2023,24,AC Milan,SSC Napoli,2024-02-11 19:45:00+00:00,1,0
2023,24,Juventus FC,Udinese Calcio,2024-02-12 19:45:00+00:00,0,1
2023,21,Bologna FC 1909,ACF Fiorentina,2024-02-14 18:00:00+00:00,2,0
2023,25,Torino FC,US Lecce,2024-02-16 18:00:00+00:00,2,0
2023,25,FC Internazionale Milano,US Salernitana 1919,2024-02-16 20:00:00+00:00,4,0
2023,25,SSC Napoli,Genoa CFC,2024-02-17 14:00:00+00:00,1,1
2023,25,Hellas Verona FC,Juventus FC,2024-02-17 17:00:00+00:00,2,2
2023,25,Atalanta BC,US Sassuolo Calcio,2024-02-17 19:45:00+00:00,3,0
2023,25,SS Lazio,Bologna FC 1909,2024-02-18 11:30:00+00:00,1,2
2023,25,Empoli FC,ACF Fiorentina,2024-02-18 14:00:00+00:00,1,1
2023,25,Udinese Calcio,Cagliari Calcio,2024-02-18 14:00:00+00:00,1,1
2023,25,Frosinone Calcio,AS Roma,2024-02-18 17:00:00+00:00,0,3
2023,25,AC Monza,AC Milan,2024-02-18 19:45:00+00:00,4,2
2023,21,Torino FC,SS Lazio,2024-02-22 19:45:00+00:00,0,2
2023,26,Bologna FC 1909,Hellas Verona FC,2024-02-23 19:45:00+00:00,2,0
2023,26,US Sassuolo Calcio,Empoli FC,2024-02-24 14:00:00+00:00,2,3
2023,26,US Salernitana 1919,AC Monza,2024-02-24 17:00:00+00:00,0,2
2023,26,Genoa CFC,Udinese Calcio,2024-02-24 19:45:00+00:00,2,0
2023,26,Juventus FC,Frosinone Calcio,2024-02-25 11:30:00+00:00,3,2
2023,26,Cagliari Calcio,SSC Napoli,2024-02-25 14:00:00+00:00,1,1
2023,26,US Lecce,FC Internazionale Milano,2024-02-25 17:00:00+00:00,0,4
2023,26,AC Milan,Atalanta BC,2024-02-25 19:45:00+00:00,1,1
2023,26,AS Roma,Torino FC,2024-02-26 17:30:00+00:00,3,2
2023,26,ACF Fiorentina,SS Lazio,2024-02-26 19:45:00+00:00,2,1
2023,21,US Sassuolo Calcio,SSC Napoli,2024-02-28 17:00:00+00:00,1,6
2023,21,FC Internazionale Milano,Atalanta BC,2024-02-28 19:45:00+00:00,4,0
2023,27,SS Lazio,AC Milan,2024-03-01 19:45:00+00:00,0,1
2023,27,Udinese Calcio,US Salernitana 1919,2024-03-02 14:00:00+00:00,1,1
2023,27,AC Monza,AS Roma,2024-03-02 17:00:00+00:00,1,4
2023,27,Torino FC,ACF Fiorentina,2024-03-02 19:45:00+00:00,0,0
2023,27,Hellas Verona FC,US Sassuolo Calcio,2024-03-03 11:30:00+00:00,1,0
2023,27,Empoli FC,Cagliari Calcio,2024-03-03 14:00:00+00:00,0,1
2023,27,Frosinone Calcio,US Lecce,2024-03-03 14:00:00+00:00,1,1
2023,27,Atalanta BC,Bologna FC 1909,2024-03-03 17:00:00+00:00,1,2
2023,27,SSC Napoli,Juventus FC,2024-03-03 19:45:00+00:00,2,1
2023,27,FC Internazionale Milano,Genoa CFC,2024-03-04 19:45:00+00:00,2,1
2023,28,SSC Napoli,Torino FC,2024-03-08 19:45:00+00:00,1,1
2023,28,Cagliari Calcio,US Salernitana 1919,2024-03-09 14:00:00+00:00,4,2
2023,28,US Sassuolo Calcio,Frosinone Calcio,2024-03-09 14:00:00+00:00,1,0
2023,28,Bologna FC 1909,FC Internazionale Milano,2024-03-09 17:00:00+00:00,0,1
2023,28,Genoa CFC,AC Monza,2024-03-09 19:45:00+00:00,2,3
2023,28,US Lecce,Hellas Verona FC,2024-03-10 11:30:00+00:00,0,1
2023,28,AC Milan,Empoli FC,2024-03-10 14:00:00+00:00,1,0
2023,28,Juventus FC,Atalanta BC,2024-03-10 17:00:00+00:00,2,2
2023,28,ACF Fiorentina,AS Roma,2024-03-10 19:45:00+00:00,2,2
2023,28,SS Lazio,Udinese Calcio,2024-03-11 19:45:00+00:00,1,2
2023,29,Empoli FC,Bologna FC 1909,2024-03-15 19:45:00+00:00,0,1
2023,29,AC Monza,Cagliari Calcio,2024-03-16 14:00:00+00:00,1,0
2023,29,Udinese Calcio,Torino FC,2024-03-16 14:00:00+00:00,0,2
2023,29,US Salernitana 1919,US Lecce,2024-03-16 17:00:00+00:00,0,1
2023,29,Frosinone Calcio,SS Lazio,2024-03-16 19:45:00+00:00,2,3
2023,29,Juventus FC,Genoa CFC,2024-03-17 11:30:00+00:00,0,0
2023,29,Hellas Verona FC,AC Milan,2024-03-17 14:00:00+00:00,1,3
2023,29,AS Roma,US Sassuolo Calcio,2024-03-17 17:00:00+00:00,1,0
2023,29,FC Internazionale Milano,SSC Napoli,2024-03-17 19:45:00+00:00,1,1
2023,30,SSC Napoli,Atalanta BC,2024-03-30 11:30:00+00:00,0,3
2023,30,Genoa CFC,Frosinone Calcio,2024-03-30 14:00:00+00:00,1,1
2023,30,Torino FC,AC Monza,2024-03-30 14:00:00+00:00,1,0
2023,30,SS Lazio,Juventus FC,2024-03-30 17:00:00+00:00,1,0
2023,30,ACF Fiorentina,AC Milan,2024-03-30 19:45:00+00:00,1,2
2023,30,Bologna FC 1909,US Salernitana 1919,2024-04-01 10:30:00+00:00,3,0
2023,30,Cagliari Calcio,Hellas Verona FC,2024-04-01 13:00:00+00:00,1,1
2023,30,US Sassuolo Calcio,Udinese Calcio,2024-04-01 13:00:00+00:00,1,1
2023,30,US Lecce,AS Roma,2024-04-01 16:00:00+00:00,0,0
2023,30,FC Internazionale Milano,Empoli FC,2024-04-01 18:45:00+00:00,2,0
2023,31,US Salernitana 1919,US Sassuolo Calcio,2024-04-05 18:45:00+00:00,2,2
2023,31,AC Milan,US Lecce,2024-04-06 13:00:00+00:00,3,0
2023,31,AS Roma,SS Lazio,2024-04-06 16:00:00+00:00,1,0
2023,31,Empoli FC,Torino FC,2024-04-06 18:45:00+00:00,3,2
2023,31,Frosinone Calcio,Bologna FC 1909,2024-04-07 10:30:00+00:00,0,0
2023,31,AC Monza,SSC Napoli,2024-04-07 13:00:00+00:00,2,4
2023,31,Cagliari Calcio,Atalanta BC,2024-04-07 16:00:00+00:00,2,1
2023,31,Hellas Verona FC,Genoa CFC,2024-04-07 16:00:00+00:00,1,2
2023,31,Juventus FC,ACF Fiorentina,2024-04-07 18:45:00+00:00,1,0
2023,31,Udinese Calcio,FC Internazionale Milano,2024-04-08 18:45:00+00:00,1,2
2023,32,SS Lazio,US Salernitana 1919,2024-04-12 18:45:00+00:00,4,1
2023,32,US Lecce,Empoli FC,2024-04-13 13:00:00+00:00,1,0
2023,32,Torino FC,Juventus FC,2024-04-13 16:00:00+00:00,0,0
2023,32,Bologna FC 1909,AC Monza,2024-04-13 18:45:00+00:00,0,0
2023,32,SSC Napoli,Frosinone Calcio,2024-04-14 10:30:00+00:00,2,2
2023,32,US Sassuolo Calcio,AC Milan,2024-04-14 13:00:00+00:00,3,3
2023,32,FC Internazionale Milano,Cagliari Calcio,2024-04-14 18:45:00+00:00,2,2
2023,32,ACF Fiorentina,Genoa CFC,2024-04-15 16:30:00+00:00,1,1
2023,32,Atalanta BC,Hellas Verona FC,2024-04-15 18:45:00+00:00,2,2
2023,33,Genoa CFC,SS Lazio,2024-04-19 16:30:00+00:00,0,1
2023,33,Cagliari Calcio,Juventus FC,2024-04-19 18:45:00+00:00,2,2
2023,33,Empoli FC,SSC Napoli,2024-04-20 16:00:00+00:00,1,0
2023,33,Hellas Verona FC,Udinese Calcio,2024-04-20 18:45:00+00:00,1,0
2023,33,US Sassuolo Calcio,US Lecce,2024-04-21 10:30:00+00:00,0,3
2023,33,Torino FC,Frosinone Calcio,2024-04-21 13:00:00+00:00,0,0
2023,33,US Salernitana 1919,ACF Fiorentina,2024-04-21 16:00:00+00:00,0,2
2023,33,AC Monza,Atalanta BC,2024-04-21 18:45:00+00:00,1,2
2023,33,AS Roma,Bologna FC 1909,2024-04-22 16:30:00+00:00,1,3
2023,33,AC Milan,FC Internazionale Milano,2024-04-22 18:45:00+00:00,1,2
2023,32,Udinese Calcio,AS Roma,2024-04-25 18:00:00+00:00,1,2
2023,34,Frosinone Calcio,US Salernitana 1919,2024-04-26 18:45:00+00:00,3,0
2023,34,US Lecce,AC Monza,2024-04-27 13:00:00+00:00,1,1
2023,34,Juventus FC,AC Milan,2024-04-27 16:00:00+00:00,0,0
2023,34,SS Lazio,Hellas Verona FC,2024-04-27 18:45:00+00:00,1,0
2023,34,FC Internazionale Milano,Torino FC,2024-04-28 10:30:00+00:00,2,0
2023,34,Bologna FC 1909,Udinese Calcio,2024-04-28 13:00:00+00:00,1,1
2023,34,Atalanta BC,Empoli FC,2024-04-28 16:00:00+00:00,2,0
2023,34,SSC Napoli,AS Roma,2024-04-28 16:00:00+00:00,2,2
2023,34,ACF Fiorentina,US Sassuolo Calcio,2024-04-28 18:45:00+00:00,5,1
2023,34,Genoa CFC,Cagliari Calcio,2024-04-29 18:45:00+00:00,3,0
2023,35,Torino FC,Bologna FC 1909,2024-05-03 18:45:00+00:00,0,0
2023,35,AC Monza,SS Lazio,2024-05-04 16:00:00+00:00,2,2
2023,35,US Sassuolo Calcio,FC Internazionale Milano,2024-05-04 18:45:00+00:00,1,0
2023,35,Cagliari Calcio,US Lecce,2024-05-05 10:30:00+00:00,1,1
2023,35,Empoli FC,Frosinone Calcio,2024-05-05 13:00:00+00:00,0,0
2023,35,Hellas Verona FC,ACF Fiorentina,2024-05-05 13:00:00+00:00,2,1
2023,35,AC Milan,Genoa CFC,2024-05-05 16:00:00+00:00,3,3
2023,35,AS Roma,Juventus FC,2024-05-05 18:45:00+00:00,1,1
2023,35,US Salernitana 1919,Atalanta BC,2024-05-06 16:00:00+00:00,1,2
2023,35,Udinese Calcio,SSC Napoli,2024-05-06 18:45:00+00:00,1,1
2023,36,Frosinone Calcio,FC Internazionale Milano,2024-05-10 18:45:00+00:00,0,5
2023,36,SSC Napoli,Bologna FC 1909,2024-05-11 16:00:00+00:00,0,2
2023,36,AC Milan,Cagliari Calcio,2024-05-11 18:45:00+00:00,5,1
2023,36,SS Lazio,Empoli FC,2024-05-12 10:30:00+00:00,2,0
2023,36,Genoa CFC,US Sassuolo Calcio,2024-05-12 13:00:00+00:00,2,1
2023,36,Hellas Verona FC,Torino FC,2024-05-12 13:00:00+00:00,1,2
2023,36,Juventus FC,US Salernitana 1919,2024-05-12 16:00:00+00:00,1,1
2023,36,Atalanta BC,AS Roma,2024-05-12 18:45:00+00:00,2,1
2023,36,US Lecce,Udinese Calcio,2024-05-13 16:30:00+00:00,0,2
2023,36,ACF Fiorentina,AC Monza,2024-05-13 18:45:00+00:00,2,1
2023,37,ACF Fiorentina,SSC Napoli,2024-05-17 18:45:00+00:00,2,2
2023,37,US Lecce,Atalanta BC,2024-05-18 16:00:00+00:00,0,2
2023,37,Torino FC,AC Milan,2024-05-18 18:45:00+00:00,3,1
2023,37,US Sassuolo Calcio,Cagliari Calcio,2024-05-19 10:30:00+00:00,0,2
2023,37,AC Monza,Frosinone Calcio,2024-05-19 13:00:00+00:00,0,1
2023,37,Udinese Calcio,Empoli FC,2024-05-19 13:00:00+00:00,1,1
2023,37,FC Internazionale Milano,SS Lazio,2024-05-19 16:00:00+00:00,1,1
2023,37,AS Roma,Genoa CFC,2024-05-19 18:45:00+00:00,1,0
2023,37,US Salernitana 1919,Hellas Verona FC,2024-05-20 16:30:00+00:00,1,2
2023,37,Bologna FC 1909,Juventus FC,2024-05-20 18:45:00+00:00,3,3
2023,38,Cagliari Calcio,ACF Fiorentina,2024-05-23 18:45:00+00:00,2,3
2023,38,Genoa CFC,Bologna FC 1909,2024-05-24 18:45:00+00:00,2,0
2023,38,Juventus FC,AC Monza,2024-05-25 16:00:00+00:00,2,0
2023,38,AC Milan,US Salernitana 1919,2024-05-25 18:45:00+00:00,3,3
2023,38,Atalanta BC,Torino FC,2024-05-26 16:00:00+00:00,3,0
2023,38,SSC Napoli,US Lecce,2024-05-26 16:00:00+00:00,0,0
2023,38,Empoli FC,AS Roma,2024-05-26 18:45:00+00:00,2,1
2023,38,Frosinone Calcio,Udinese Calcio,2024-05-26 18:45:00+00:00,0,1
2023,38,Hellas Verona FC,FC Internazionale Milano,2024-05-26 18:45:00+00:00,2,2
2023,38,SS Lazio,US Sassuolo Calcio,2024-05-26 18:45:00+00:00,1,1
2023,29,Atalanta BC,ACF Fiorentina,2024-06-02 16:00:00+00:00,2,3
2025,1,Genoa CFC,US Lecce,2025-08-23 16:30:00+00:00,0,0
2025,1,US Sassuolo Calcio,SSC Napoli,2025-08-23 16:30:00+00:00,0,2
2025,1,AC Milan,US Cremonese,2025-08-23 18:45:00+00:00,1,2
2025,1,AS Roma,Bologna FC 1909,2025-08-23 18:45:00+00:00,1,0
2025,1,Cagliari Calcio,ACF Fiorentina,2025-08-24 16:30:00+00:00,1,1
2025,1,Como 1907,SS Lazio,2025-08-24 16:30:00+00:00,2,0
2025,1,Atalanta BC,AC Pisa 1909,2025-08-24 18:45:00+00:00,1,1
2025,1,Juventus FC,Parma Calcio 1913,2025-08-24 18:45:00+00:00,2,0
2025,1,Udinese Calcio,Hellas Verona FC,2025-08-25 16:30:00+00:00,1,1
2025,1,FC Internazionale Milano,Torino FC,2025-08-25 18:45:00+00:00,5,0
2025,2,US Cremonese,US Sassuolo Calcio,2025-08-29 16:30:00+00:00,3,2
2025,2,US Lecce,AC Milan,2025-08-29 18:45:00+00:00,0,2
2025,2,Bologna FC 1909,Como 1907,2025-08-30 16:30:00+00:00,1,0
2025,2,Parma Calcio 1913,Atalanta BC,2025-08-30 16:30:00+00:00,1,1
2025,2,SSC Napoli,Cagliari Calcio,2025-08-30 18:45:00+00:00,1,0
2025,2,AC Pisa 1909,AS Roma,2025-08-30 18:45:00+00:00,0,1
2025,2,Genoa CFC,Juventus FC,2025-08-31 16:30:00+00:00,0,1
2025,2,Torino FC,ACF Fiorentina,2025-08-31 16:30:00+00:00,0,0
2025,2,FC Internazionale Milano,Udinese Calcio,2025-08-31 18:45:00+00:00,1,2
2025,2,SS Lazio,Hellas Verona FC,2025-08-31 18:45:00+00:00,4,0
2025,3,Cagliari Calcio,Parma Calcio 1913,2025-09-13 13:00:00+00:00,2,0
2025,3,Juventus FC,FC Internazionale Milano,2025-09-13 16:00:00+00:00,4,3
2025,3,ACF Fiorentina,SSC Napoli,2025-09-13 18:45:00+00:00,1,3
2025,3,AS Roma,Torino FC,2025-09-14 10:30:00+00:00,0,1
2025,3,Atalanta BC,US Lecce,2025-09-14 13:00:00+00:00,4,1
2025,3,AC Pisa 1909,Udinese Calcio,2025-09-14 13:00:00+00:00,0,1
2025,3,US Sassuolo Calcio,SS Lazio,2025-09-14 16:00:00+00:00,1,0
2025,3,AC Milan,Bologna FC 1909,2025-09-14 18:45:00+00:00,1,0
2025,3,Hellas Verona FC,US Cremonese,2025-09-15 16:30:00+00:00,0,0
2025,3,Como 1907,Genoa CFC,2025-09-15 18:45:00+00:00,1,1
2025,4,US Lecce,Cagliari Calcio,2025-09-19 18:45:00+00:00,1,2
2025,4,Bologna FC 1909,Genoa CFC,2025-09-20 13:00:00+00:00,2,1
2025,4,Hellas Verona FC,Juventus FC,2025-09-20 16:00:00+00:00,1,1
2025,4,Udinese Calcio,AC Milan,2025-09-20 18:45:00+00:00,0,3
2025,4,SS Lazio,AS Roma,2025-09-21 10:30:00+00:00,0,1
2025,4,Torino FC,Atalanta BC,2025-09-21 13:00:00+00:00,0,3
2025,4,US Cremonese,Parma Calcio 1913,2025-09-21 13:00:00+00:00,0,0
2025,4,ACF Fiorentina,Como 1907,2025-09-21 16:00:00+00:00,1,2
2025,4,FC Internazionale Milano,US Sassuolo Calcio,2025-09-21 18:45:00+00:00,2,1
2025,4,SSC Napoli,AC Pisa 1909,2025-09-22 18:45:00+00:00,3,2
2025,5,Como 1907,US Cremonese,2025-09-27 13:00:00+00:00,1,1
2025,5,Juventus FC,Atalanta BC,2025-09-27 16:00:00+00:00,1,1
2025,5,Cagliari Calcio,FC Internazionale Milano,2025-09-27 18:45:00+00:00,0,2
2025,5,US Sassuolo Calcio,Udinese Calcio,2025-09-28 10:30:00+00:00,3,1
2025,5,AS Roma,Hellas Verona FC,2025-09-28 13:00:00+00:00,2,0
2025,5,AC Pisa 1909,ACF Fiorentina,2025-09-28 13:00:00+00:00,0,0
2025,5,US Lecce,Bologna FC 1909,2025-09-28 16:00:00+00:00,2,2
2025,5,AC Milan,SSC Napoli,2025-09-28 18:45:00+00:00,2,1
2025,5,Parma Calcio 1913,Torino FC,2025-09-29 16:30:00+00:00,2,1
2025,5,Genoa CFC,SS Lazio,2025-09-29 18:45:00+00:00,0,3
2025,6,Hellas Verona FC,US Sassuolo Calcio,2025-10-03 18:45:00+00:00,0,1
2025,6,SS Lazio,Torino FC,2025-10-04 13:00:00+00:00,3,3
2025,6,Parma Calcio 1913,US Lecce,2025-10-04 13:00:00+00:00,0,1
2025,6,FC Internazionale Milano,US Cremonese,2025-10-04 16:00:00+00:00,4,1
2025,6,Atalanta BC,Como 1907,2025-10-04 18:45:00+00:00,1,1
2025,6,Udinese Calcio,Cagliari Calcio,2025-10-05 10:30:00+00:00,1,1
2025,6,ACF Fiorentina,AS Roma,2025-10-05 13:00:00+00:00,1,2
2025,6,Bologna FC 1909,AC Pisa 1909,2025-10-05 13:00:00+00:00,4,0
2025,6,SSC Napoli,Genoa CFC,2025-10-05 16:00:00+00:00,2,1
2025,6,Juventus FC,AC Milan,2025-10-05 18:45:00+00:00,0,0
2025,7,AC Pisa 1909,Hellas Verona FC,2025-10-18 13:00:00+00:00,0,0
2025,7,US Lecce,US Sassuolo Calcio,2025-10-18 13:00:00+00:00,0,0
2025,7,Torino FC,SSC Napoli,2025-10-18 16:00:00+00:00,1,0
2025,7,AS Roma,FC Internazionale Milano,2025-10-18 18:45:00+00:00,0,1
2025,7,Como 1907,Juventus FC,2025-10-19 10:30:00+00:00,2,0
2025,7,Cagliari Calcio,Bologna FC 1909,2025-10-19 13:00:00+00:00,0,2
2025,7,Genoa CFC,Parma Calcio 1913,2025-10-19 13:00:00+00:00,0,0
2025,7,Atalanta BC,SS Lazio,2025-10-19 16:00:00+00:00,0,0
2025,7,AC Milan,ACF Fiorentina,2025-10-19 18:45:00+00:00,2,1
2025,7,US Cremonese,Udinese Calcio,2025-10-20 18:45:00+00:00,1,1
2025,8,AC Milan,AC Pisa 1909,2025-10-24 18:45:00+00:00,2,2
2025,8,Parma Calcio 1913,Como 1907,2025-10-25 13:00:00+00:00,0,0
2025,8,Udinese Calcio,US Lecce,2025-10-25 13:00:00+00:00,3,2
2025,8,SSC Napoli,FC Internazionale Milano,2025-10-25 16:00:00+00:00,3,1
2025,8,US Cremonese,Atalanta BC,2025-10-25 18:45:00+00:00,1,1
2025,8,Torino FC,Genoa CFC,2025-10-26 11:30:00+00:00,2,1
2025,8,Hellas Verona FC,Cagliari Calcio,2025-10-26 14:00:00+00:00,2,2
2025,8,US Sassuolo Calcio,AS Roma,2025-10-26 14:00:00+00:00,0,1
2025,8,ACF Fiorentina,Bologna FC 1909,2025-10-26 17:00:00+00:00,2,2
2025,8,SS Lazio,Juventus FC,2025-10-26 19:45:00+00:00,1,0
2025,9,US Lecce,SSC Napoli,2025-10-28 17:30:00+00:00,0,1
2025,9,Atalanta BC,AC Milan,2025-10-28 19:45:00+00:00,1,1
2025,9,AS Roma,Parma Calcio 1913,2025-10-29 17:30:00+00:00,2,1
2025,9,Como 1907,Hellas Verona FC,2025-10-29 17:30:00+00:00,3,1
2025,9,Juventus FC,Udinese Calcio,2025-10-29 17:30:00+00:00,3,1
2025,9,Genoa CFC,US Cremonese,2025-10-29 19:45:00+00:00,0,2
2025,9,Bologna FC 1909,Torino FC,2025-10-29 19:45:00+00:00,0,0
2025,9,FC Internazionale Milano,ACF Fiorentina,2025-10-29 19:45:00+00:00,3,0
2025,9,Cagliari Calcio,US Sassuolo Calcio,2025-10-30 17:30:00+00:00,1,2
2025,9,AC Pisa 1909,SS Lazio,2025-10-30 19:45:00+00:00,0,0
2025,10,Udinese Calcio,Atalanta BC,2025-11-01 14:00:00+00:00,1,0
2025,10,SSC Napoli,Como 1907,2025-11-01 17:00:00+00:00,0,0
2025,10,US Cremonese,Juventus FC,2025-11-01 19:45:00+00:00,1,2
2025,10,Hellas Verona FC,FC Internazionale Milano,2025-11-02 11:30:00+00:00,1,2
2025,10,ACF Fiorentina,US Lecce,2025-11-02 14:00:00+00:00,0,1
2025,10,Torino FC,AC Pisa 1909,2025-11-02 14:00:00+00:00,2,2
2025,10,Parma Calcio 1913,Bologna FC 1909,2025-11-02 17:00:00+00:00,1,3
2025,10,AC Milan,AS Roma,2025-11-02 19:45:00+00:00,1,0
2025,10,US Sassuolo Calcio,Genoa CFC,2025-11-03 17:30:00+00:00,1,2
2025,10,SS Lazio,Cagliari Calcio,2025-11-03 19:45:00+00:00,2,0
2025,11,AC Pisa 1909,US Cremonese,2025-11-07 19:45:00+00:00,1,0
2025,11,Como 1907,Cagliari Calcio,2025-11-08 14:00:00+00:00,0,0
2025,11,US Lecce,Hellas Verona FC,2025-11-08 14:00:00+00:00,0,0
2025,11,Juventus FC,Torino FC,2025-11-08 17:00:00+00:00,0,0
2025,11,Parma Calcio 1913,AC Milan,2025-11-08 19:45:00+00:00,2,2
2025,11,Atalanta BC,US Sassuolo Calcio,2025-11-09 11:30:00+00:00,0,3
2025,11,Genoa CFC,ACF Fiorentina,2025-11-09 14:00:00+00:00,2,2
2025,11,Bologna FC 1909,SSC Napoli,2025-11-09 14:00:00+00:00,2,0
2025,11,AS Roma,Udinese Calcio,2025-11-09 17:00:00+00:00,2,0
2025,11,FC Internazionale Milano,SS Lazio,2025-11-09 19:45:00+00:00,2,0
2025,12,Cagliari Calcio,Genoa CFC,2025-11-22 14:00:00+00:00,3,3
2025,12,Udinese Calcio,Bologna FC 1909,2025-11-22 14:00:00+00:00,0,3
2025,12,ACF Fiorentina,Juventus FC,2025-11-22 17:00:00+00:00,1,1
2025,12,SSC Napoli,Atalanta BC,2025-11-22 19:45:00+00:00,3,1
2025,12,Hellas Verona FC,Parma Calcio 1913,2025-11-23 11:30:00+00:00,1,2
2025,12,US Cremonese,AS Roma,2025-11-23 14:00:00+00:00,1,3
2025,12,SS Lazio,US Lecce,2025-11-23 17:00:00+00:00,2,0
2025,12,FC Internazionale Milano,AC Milan,2025-11-23 19:45:00+00:00,0,1
2025,12,Torino FC,Como 1907,2025-11-24 17:30:00+00:00,1,5
2025,12,US Sassuolo Calcio,AC Pisa 1909,2025-11-24 19:45:00+00:00,2,2
